186.73,188.71,186.0,186.3
185.57,186.33,184.94,185.54
184.81,185.03,183.1,184.66
184.39,184.48,182.31,182.54
182.2,182.27,180.27,181.59
183.23,183.72,181.2,181.31
180.73,182.81,180.5,182.32
181.86,181.91,178.38,180.55
179.48,179.61,177.35,179.16
180.36,182.0,179.32,180.0
179.83,181.6,179.5,181.07
181.79,182.36,180.35,180.52
185.77,188.97,184.75,188.52
187.91,190.52,187.67,189.98
188.63,192.3,188.52,191.93
191.33,192.24,189.61,191.73
191.79,192.79,190.47,190.98
190.01,191.77,189.81,190.46
189.39,192.73,188.22,192.5
193.09,193.1,191.0,192.6
193.21,194.81,192.41,192.62
192.72,193.33,191.33,191.53
192.93,194.13,192.54,193.64
192.48,193.76,192.0,192.82
192.45,194.14,191.97,193.35
192.78,193.58,191.73,192.95
193.03,194.46,192.55,193.13
191.76,192.43,191.28,192.42
193.31,193.69,191.74,192.62
191.76,192.6,190.83,192.22
192.31,193.44,191.26,192.25
192.61,193.25,192.0,193.02
193.71,193.86,192.3,193.42
193.73,194.24,192.46,193.39
193.03,194.74,192.75,193.87
193.87,199.23,193.28,197.61
198.38,198.56,196.61,197.76
196.78,198.71,196.1,197.53
197.75,198.96,197.43,197.98
197.86,199.17,196.45,196.73
197.23,198.47,196.93,197.53
197.1,198.89,197.06,198.81
198.36,201.19,198.3,200.66
199.14,199.64,196.81,197.26
198.09,198.57,197.31,197.77
199.24,199.99,198.65,199.81
199.98,201.1,199.72,200.62
200.93,201.57,200.23,201.0
201.72,203.9,201.61,203.78
203.78,205.15,203.64,204.72
204.94,206.18,204.74,206.0
207.03,207.52,206.01,206.01
205.71,206.53,204.5,205.72
204.74,205.0,203.7,204.25
204.32,205.77,204.3,204.69
204.0,205.99,203.96,205.49
205.89,205.96,204.56,205.48
206.45,207.92,206.32,207.77
208.46,208.66,207.0,207.18
207.44,208.69,206.27,207.29
206.09,208.5,206.02,208.27
208.74,209.12,208.01,208.65
208.96,209.69,208.09,209.47
209.31,210.69,208.54,209.5
206.22,206.98,205.19,206.05
205.15,205.68,204.46,205.47
204.4,206.17,203.37,204.94
204.94,205.74,202.17,202.33
203.99,204.32,202.46,202.58
202.8,205.56,202.35,205.32
204.32,204.65,202.8,202.8
204.74,205.97,202.72,202.72
204.57,207.64,204.15,207.45
202.43,204.07,200.0,200.13
200.03,201.26,197.52,199.51
199.83,200.12,199.09,199.6
197.89,199.1,196.79,198.62
199.06,202.48,198.87,200.0
202.02,203.69,201.8,203.57
203.4,206.21,203.4,205.58
206.47,208.17,205.91,206.81
206.71,207.96,206.32,207.08
207.18,208.93,206.71,208.0
206.97,208.27,206.91,208.06
208.27,208.92,206.55,207.24
206.47,207.11,204.4,204.99
203.96,204.77,202.9,203.75
202.44,203.06,199.72,201.48
199.99,203.0,199.06,201.23
201.0,203.25,200.02,200.6
199.96,202.12,199.95,201.17
199.92,200.71,198.56,199.44
199.44,201.47,198.76,199.04
199.42,201.35,198.18,199.73
199.67,200.79,197.64,197.89
198.78,198.78,195.16,195.88
195.98,197.93,194.63,197.76
198.04,198.26,196.06,196.82
195.53,196.49,193.2,196.12
195.99,196.28,194.0,196.09
195.11,196.0,194.0,194.3
195.22,198.08,195.22,196.46
194.8,195.47,193.77,194.53
194.1,194.93,192.0,192.9
190.12,191.72,188.6,189.08
188.34,189.38,187.0,188.54
187.92,189.85,187.56,189.2
190.78,194.0,190.02,193.99
195.28,195.83,193.94,194.44
193.71,195.14,192.7,195.14
196.6,196.7,192.37,192.51
192.14,194.67,192.14,194.55
194.36,195.19,192.34,193.1
193.0,195.83,192.74,195.1
196.08,199.27,195.4,199.1
197.57,199.64,197.17,198.29
198.83,199.99,198.8,198.93
198.7,199.74,197.5,198.78
199.07,199.45,193.19,193.39
193.87,194.88,193.22,193.7
192.48,193.39,191.68,192.86
193.54,193.68,190.75,191.95
192.14,193.7,190.9,193.0
191.23,192.08,188.9,191.4
194.55,195.81,192.41,195.58
196.36,197.2,194.85,195.83
195.46,196.34,194.91,195.93
194.88,196.85,193.63,195.29
193.92,193.94,189.74,191.41
190.76,191.0,188.05,189.67
190.3,191.14,185.6,186.26
186.22,187.36,183.51,185.25
184.25,184.39,181.85,183.09
183.46,186.33,183.03,186.01
185.58,186.1,184.58,184.79
185.73,186.29,183.2,183.65
184.15,188.59,183.55,188.25
193.4,196.85,192.97,195.34
194.09,194.9,192.17,192.45
189.78,191.3,188.2,190.83
190.92,191.32,188.56,190.34
190.31,192.77,189.32,191.08
193.49,194.95,192.57,193.95
195.1,197.41,193.95,196.39
196.32,197.84,195.92,196.68
196.5,197.58,195.88,195.98
196.96,197.85,194.72,195.18
194.12,196.6,193.02,194.45
196.48,198.95,196.16,198.52
198.76,199.94,198.52,198.76
199.43,200.88,198.8,199.93
198.27,199.69,198.16,199.03
198.62,199.46,197.89,198.42
197.87,199.37,197.24,199.29
198.88,199.98,197.79,199.01
198.88,199.33,197.72,198.29
198.9,199.33,197.92,198.4
198.77,201.32,198.12,200.84
201.08,202.0,200.66,201.22
200.69,201.13,200.03,200.5
200.99,201.0,198.37,198.65
198.64,198.65,196.9,197.25
197.04,197.37,195.44,195.7
194.96,198.11,194.2,197.77
197.96,198.3,195.61,195.69
195.56,196.11,194.5,194.87
195.13,196.04,194.9,195.08
194.77,195.47,193.18,193.37
194.31,195.95,193.46,194.85
196.61,197.17,193.25,194.54
194.41,195.85,193.89,195.04
196.26,199.46,196.11,199.1
199.12,199.5,198.08,199.5
199.39,201.82,198.73,200.95
200.55,203.46,200.51,203.27
203.52,204.65,202.96,203.77
204.38,206.81,203.46,206.36
206.24,207.65,206.05,206.81
205.55,207.99,205.55,207.15
206.88,207.88,206.48,207.07
207.55,207.57,206.01,206.43
205.85,206.99,205.3,206.18
207.36,207.94,205.92,205.98
205.02,206.06,204.9,205.29
205.6,207.32,204.95,204.98
205.05,205.98,203.9,204.0
204.37,206.9,204.14,205.91
205.66,208.32,205.31,207.45
208.01,211.75,207.94,210.47
210.96,211.47,208.5,209.84
209.94,211.3,209.3,210.51
210.28,210.97,208.53,210.39
211.15,211.79,210.06,210.59
210.02,210.64,209.21,209.82
209.95,210.74,207.7,207.99
207.82,208.23,205.05,205.82
206.57,207.27,205.63,205.76
205.64,207.96,205.56,207.8
208.88,209.4,207.82,208.93
209.94,211.0,209.47,211.0
201.21,203.41,198.55,200.63
199.91,200.14,194.07,194.96
195.29,196.08,193.18,193.36
193.71,194.68,192.44,194.4
193.53,194.0,190.94,191.25
192.44,193.29,190.56,190.72
191.41,192.44,190.71,191.6
191.49,193.87,191.47,193.27
194.8,196.41,193.63,194.53
194.68,197.89,194.55,197.15
197.53,198.0,193.29,193.43
192.36,194.97,192.01,194.14
195.26,196.75,194.68,195.07
193.36,193.68,191.16,191.16
191.4,191.81,190.09,190.1
189.85,191.64,188.88,189.64
190.03,190.77,187.41,189.25
188.39,190.88,188.25,188.32
189.14,189.27,185.28,185.51
185.83,187.2,184.78,185.85
186.33,187.56,185.1,186.94
188.62,190.39,188.3,190.35
189.88,190.11,188.25,189.2
189.3,190.89,188.95,190.29
191.0,193.49,190.8,193.49
192.45,193.37,191.77,192.88
192.08,193.05,191.0,191.23
190.98,192.04,189.27,191.98
192.75,192.9,190.2,191.53
191.75,192.0,189.5,190.07
190.76,191.3,188.36,189.48
189.71,190.75,189.02,189.36
189.01,189.46,186.94,188.65
189.17,190.18,188.41,189.7
190.14,192.2,190.11,191.95
192.17,193.54,191.65,192.62
193.18,194.8,193.15,194.2
194.6,194.75,192.46,192.95
192.18,193.05,191.37,191.99
191.69,193.4,191.26,191.76
191.76,193.91,191.76,193.62
193.85,195.92,193.84,195.69
195.46,196.45,195.0,195.08
194.47,194.95,193.16,194.77
193.1,194.5,191.57,193.42
193.05,193.83,192.02,192.4
192.21,193.53,190.95,191.95
191.53,193.28,190.7,192.71
191.11,192.22,189.83,189.83
189.23,191.68,188.84,191.55
194.09,196.35,193.8,196.35
195.67,196.29,194.44,195.27
194.19,194.46,192.78,193.99
193.4,193.78,192.34,193.14
192.92,193.3,191.6,192.87
193.48,193.49,191.65,192.32
192.65,192.96,191.28,192.88
194.15,195.0,192.9,194.45
192.82,193.28,191.75,192.62
191.31,192.73,190.39,192.5
192.0,193.18,191.35,192.59
193.85,194.46,193.24,193.65
194.03,195.0,193.8,194.47
194.36,196.08,194.01,196.08
203.5,208.58,203.36,204.72
203.91,205.06,203.08,204.42
204.45,205.18,204.13,204.97
204.85,206.22,204.29,204.93
204.34,205.73,203.64,203.9
203.69,204.88,203.19,203.52
203.32,204.47,202.96,203.07
204.65,205.35,203.84,205.18
204.19,205.02,203.57,203.79
204.31,204.75,202.51,202.79
200.39,201.29,199.56,201.02
200.62,200.91,198.68,199.74
199.97,202.09,199.68,201.68
200.98,201.95,199.75,200.16
200.01,200.74,199.02,200.04
200.65,200.95,199.57,200.09
199.73,200.32,199.26,199.65
199.98,201.25,199.82,200.98
200.6,201.89,200.22,200.32
200.62,201.72,198.86,199.31
198.63,199.07,198.11,198.33
199.23,201.09,198.84,201.09
201.67,202.49,197.51,197.51
198.63,199.9,197.84,199.14
198.89,202.75,198.6,202.33
202.18,203.12,200.79,200.83
200.65,202.94,199.36,202.91
202.59,205.19,202.55,205.19
205.86,207.7,205.69,206.53
207.03,208.49,206.66,208.38
208.29,209.6,208.24,209.42
209.85,210.74,209.43,210.38
210.04,210.2,209.04,210.08
209.4,210.73,209.09,210.55
210.2,212.36,209.77,212.06
212.15,215.86,212.15,215.8
215.38,215.9,213.41,214.92
212.9,214.5,212.64,213.21
214.13,215.12,211.83,213.44
214.76,215.82,214.3,215.06
212.96,213.0,210.11,212.26
212.21,213.17,211.62,212.08
212.54,212.81,210.05,210.74
211.77,212.5,211.5,212.36
210.96,212.16,210.1,210.89
209.83,213.44,209.74,213.3
212.8,213.5,211.25,212.38
212.92,214.71,211.57,214.36
214.32,214.89,212.63,212.66
212.77,212.93,210.04,211.31
209.1,209.84,206.34,209.41
209.07,209.32,207.33,209.32
209.56,210.0,208.61,209.22
211.86,212.51,210.47,212.0
211.5,213.09,210.85,212.92
210.79,211.49,209.78,211.38
210.44,211.69,209.26,209.26
210.84,212.0,209.2,212.0
210.53,211.09,209.5,209.67
210.11,210.25,206.15,207.15
195.74,196.5,189.76,190.0
191.15,191.38,187.68,187.83
189.27,192.56,188.61,191.61
192.16,192.5,191.09,191.71
192.69,195.17,192.32,193.95
194.16,194.71,193.25,194.31
194.78,199.68,194.65,199.15
199.13,202.59,197.35,202.54
201.87,202.17,199.2,199.63
200.12,202.43,199.75,202.39
203.94,205.32,203.75,204.51
203.79,203.99,201.52,202.78
202.81,203.73,201.65,203.63
202.94,204.85,202.51,204.82
204.69,205.0,202.72,203.24
203.37,204.53,202.82,204.47
204.18,204.47,202.22,202.47
202.09,203.67,202.08,203.21
202.25,203.68,202.04,203.32
204.0,206.59,204.0,204.69
205.25,209.5,204.99,208.44
208.02,209.15,207.42,207.6
207.24,209.48,207.0,208.65
208.5,210.15,206.12,206.99
205.48,208.61,205.13,206.16
204.69,206.43,204.42,205.72
207.44,208.59,207.16,207.78
206.22,208.42,206.04,207.92
206.97,210.99,206.97,209.36
208.59,211.98,208.02,208.02
208.25,210.05,207.33,208.95
208.6,209.0,205.08,206.19
205.16,206.29,202.4,202.74
203.23,204.2,201.47,203.8
204.85,206.35,204.11,206.35
206.97,206.98,204.9,205.02
203.17,205.95,202.51,203.98
204.59,205.23,200.51,201.2
201.01,204.4,200.34,203.77
203.97,204.74,201.81,202.2
203.44,205.17,202.55,203.04
203.02,206.09,202.87,204.87
204.44,205.03,201.93,201.94
200.67,201.7,197.28,197.35
198.5,198.52,193.54,195.46
193.99,194.91,191.34,193.54
195.31,195.59,193.15,194.98
195.97,196.23,194.5,194.86
196.05,196.9,195.29,195.65
191.73,192.66,188.41,191.11
192.15,193.8,191.12,191.28
190.78,193.23,190.26,191.5
190.98,194.22,190.51,193.25
194.49,195.16,192.35,194.93
195.6,195.78,194.61,194.98
191.88,192.8,190.78,191.3
191.51,193.43,191.27,192.25
193.78,194.11,192.61,192.8
193.07,193.7,191.59,192.07
192.42,194.89,191.68,194.0
194.04,194.58,192.68,193.85
194.72,194.89,193.03,194.55
198.27,200.94,195.99,197.99
197.91,197.99,193.24,193.54
193.4,195.79,193.28,194.09
194.21,196.43,194.1,194.98
195.95,197.3,195.86,196.61
196.3,197.83,195.66,197.22
196.59,197.37,195.0,197.35
196.83,197.19,195.53,196.21
196.99,197.83,195.81,196.01
194.49,196.91,194.49,195.04
196.65,197.17,195.41,195.81
195.5,195.5,193.22,195.16
195.16,195.88,194.35,195.5
192.26,192.51,190.27,190.99
189.6,189.93,188.05,188.56
189.45,189.87,186.79,187.93
188.0,189.16,187.0,187.82
186.97,189.56,186.89,189.09
189.54,189.99,187.56,188.42
188.58,188.93,187.3,187.53
186.23,187.0,185.45,185.79
185.54,186.46,185.34,185.34
185.3,186.5,183.98,184.23
184.37,185.63,183.17,184.56
184.67,186.57,184.28,184.86
185.65,186.25,184.25,185.19
185.34,185.74,184.57,185.42
185.27,187.0,184.68,184.74
183.63,184.5,182.57,182.74
182.68,183.47,181.1,182.16
181.96,183.7,181.44,182.64
182.75,182.99,181.51,182.27
183.63,184.32,182.51,183.96
183.58,184.19,182.31,183.13
183.35,185.0,183.07,184.15
184.65,184.99,182.65,183.03
183.68,185.49,183.31,184.98
187.2,187.65,186.37,186.6
186.83,190.87,186.82,190.7
190.96,191.32,189.85,190.73
191.21,193.1,191.0,192.17
193.7,194.81,192.61,193.15
193.42,194.15,191.83,192.16
192.6,194.89,192.0,194.42
194.18,194.89,193.22,193.39
193.96,194.43,190.02,190.02
190.06,192.41,189.33,190.99
190.93,191.56,189.66,189.97
190.14,190.62,188.5,189.47
190.1,191.76,189.46,190.22
188.87,188.94,186.45,186.92
185.56,186.74,184.34,185.18
185.34,186.65,184.65,186.38
185.54,186.31,184.41,184.96
184.7,184.96,183.0,183.86
184.17,185.13,183.58,184.1
181.85,183.31,181.85,182.01
181.89,181.99,178.71,178.72
179.37,181.67,179.1,181.32
183.17,184.77,182.36,184.77
185.25,186.23,184.12,186.16
185.41,186.99,184.42,186.97
185.74,185.94,184.22,184.66
185.42,186.73,184.99,186.73
173.84,177.0,172.57,174.83
174.8,175.0,173.25,173.78
174.42,174.75,172.63,172.86
173.35,175.57,172.95,174.97
175.09,175.99,174.4,175.77
176.43,177.89,176.25,177.8
178.43,179.1,176.26,176.85
177.04,177.89,176.2,177.35
177.62,182.32,177.5,182.12
181.69,182.18,179.86,180.15
179.65,181.67,179.04,179.21
179.81,180.34,178.88,179.23
179.9,180.8,179.34,180.27
179.54,179.8,177.71,177.85
177.91,179.75,177.78,179.19
179.6,181.39,179.6,180.0
178.83,180.08,177.35,179.99
180.19,183.39,180.04,182.88
182.53,184.05,182.26,183.07
182.27,183.55,181.59,183.55
180.48,183.2,179.66,182.21
182.38,183.28,181.16,183.19
183.52,184.99,183.27,184.47
184.63,186.2,184.15,185.25
185.22,186.24,184.64,185.19
185.54,185.75,183.41,184.13
183.5,184.99,179.92,181.3
180.25,180.75,177.82,178.94
178.67,178.94,177.31,177.31
177.83,180.18,177.82,178.97
179.21,180.76,179.0,179.68
179.46,179.59,177.12,177.48
177.0,178.23,175.64,176.08
175.37,177.5,175.16,175.74
176.15,176.86,175.28,176.08
176.7,178.0,176.01,177.67
177.99,178.15,176.83,177.46
176.88,177.67,176.06,177.12
177.0,177.76,175.1,175.2
175.06,175.8,173.3,173.37
173.52,174.38,172.73,172.8
173.04,178.35,172.73,177.85
177.36,177.49,175.12,175.76
176.45,178.74,174.85,178.7
177.88,180.54,177.88,180.22
180.08,182.0,180.02,180.02
181.05,182.93,180.61,182.23
181.96,183.5,181.91,183.22
183.56,185.56,183.51,185.35
185.84,186.5,184.56,185.08
185.32,186.7,184.67,186.41
186.49,187.79,186.3,187.57
187.21,187.4,185.2,185.53
185.83,187.35,185.3,186.64
187.15,187.36,185.3,186.0
186.39,190.35,186.38,189.71
189.33,189.42,187.26,187.97
189.02,189.5,186.55,187.38
188.31,188.57,186.28,187.26
186.26,186.95,183.86,184.16
185.06,186.43,183.88,185.92
185.82,188.65,185.49,187.74
187.53,188.99,186.8,188.76
188.04,190.81,187.86,190.09
190.23,190.39,186.79,188.43
181.28,183.5,179.67,182.25
181.43,183.72,180.71,182.73
181.25,182.81,179.64,179.64
179.6,179.65,177.66,177.9
178.05,178.45,176.16,176.85
175.98,178.53,175.89,176.4
177.17,177.86,176.36,177.36
176.11,177.84,175.34,176.68
176.02,176.02,172.72,172.9
173.53,173.75,172.36,172.84
172.19,174.97,172.19,174.24
173.97,174.85,173.79,174.67
175.64,177.56,175.07,177.25
176.97,177.65,176.25,177.14
176.81,180.39,176.8,179.7
179.52,181.25,179.26,180.24
178.22,182.36,177.86,181.84
181.26,184.43,180.99,183.69
183.18,184.0,182.32,183.19
182.74,185.65,182.41,182.95
182.96,184.86,182.79,184.26
184.25,185.71,182.62,182.79
182.82,185.16,182.82,183.45
183.52,184.6,182.88,183.23
183.94,185.28,183.56,184.06
183.83,185.95,183.81,185.27
185.38,186.12,183.65,185.17
183.33,184.64,182.82,184.26
185.81,187.16,185.68,186.44
186.57,187.95,186.4,187.14
187.37,188.39,186.9,187.64
188.35,188.92,187.18,187.68
187.55,188.37,185.85,186.39
187.41,188.45,186.04,186.76
186.01,187.45,185.89,186.22
186.41,187.0,183.71,183.9
183.89,184.29,182.21,182.21
182.66,186.35,182.66,185.81
185.99,187.9,185.54,186.81
185.6,186.7,183.5,184.71
184.47,188.26,184.17,187.9
188.5,188.7,186.4,186.67
187.43,189.44,187.37,188.25
188.76,195.4,188.7,195.04
194.98,195.63,191.96,192.62
191.91,192.67,189.32,189.83
189.94,192.62,189.11,190.45
191.64,193.77,191.4,192.49
193.12,195.13,192.78,194.5
194.24,194.5,192.49,193.55
193.2,193.38,192.35,192.69
193.12,193.97,191.28,191.77
191.72,195.31,191.57,194.52
193.89,194.17,192.69,193.29
193.88,197.0,193.6,196.64
196.06,199.21,195.66,195.68
195.04,197.0,194.27,195.19
196.24,198.24,195.88,197.77
195.98,197.41,195.42,197.02
198.05,198.71,195.0,196.4
187.25,190.7,187.01,190.01
189.8,192.8,189.74,192.27
192.01,193.0,191.2,192.15
191.79,192.41,190.11,191.73
192.22,192.22,190.03,190.22
190.54,190.67,189.11,189.63
191.14,193.99,190.58,193.14
193.59,195.94,193.41,195.11
194.38,196.86,194.35,196.47
196.31,196.74,193.15,193.53
193.75,193.84,191.25,191.44
191.05,191.49,189.8,191.26
190.93,190.95,189.25,190.03
189.34,190.3,186.93,189.3
189.16,190.57,188.23,188.91
188.98,190.59,188.37,190.08
191.12,193.02,190.94,192.57
192.79,193.03,191.76,192.19
191.91,191.99,188.17,188.72
189.07,189.08,186.18,186.46
186.27,187.41,185.93,187.06
186.61,187.13,186.04,187.0
186.25,186.7,184.7,184.89
185.85,187.16,184.95,186.39
186.45,186.45,185.03,185.68
185.84,186.14,185.31,185.94
184.8,185.65,183.93,184.78
184.48,184.88,182.94,183.08
183.64,183.78,182.33,183.76
183.38,184.57,182.49,184.36
184.76,186.28,184.67,185.69
185.55,185.76,184.12,184.37
184.71,185.45,184.2,184.51
184.66,186.09,183.92,185.98
186.47,187.65,185.9,186.37
186.22,187.64,185.96,186.22
186.2,186.22,183.82,184.29
183.61,184.2,182.01,182.25
182.48,182.55,180.91,181.22
182.0,183.0,181.52,182.56
182.4,182.71,181.24,182.35
181.9,182.81,181.56,182.26
182.04,183.61,181.79,183.6
184.12,184.47,182.36,182.82
182.59,182.67,181.4,181.55
181.92,182.25,181.0,182.14
181.5,183.0,180.65,180.88
180.25,180.97,180.06,180.72
180.87,181.37,179.27,180.37
179.77,182.46,179.66,181.71
181.33,181.93,180.26,181.27
181.7,187.27,181.7,186.35
186.34,188.99,186.17,188.39
188.39,188.81,187.35,188.53
187.61,188.27,187.44,188.04
187.65,188.08,186.37,187.22
187.68,188.9,186.89,188.42
186.44,188.05,186.21,187.7
187.73,188.35,186.7,188.0
188.55,190.44,188.53,189.86
189.54,190.08,188.21,188.49
192.24,193.36,190.76,192.36
192.36,195.95,192.0,192.49
191.96,193.44,190.0,192.5
191.3,191.7,189.25,190.85
191.59,194.72,191.56,194.09
194.11,194.9,193.57,193.63
193.95,195.62,193.75,195.24
195.3,195.9,193.79,194.4
194.3,196.4,193.65,195.78
195.3,195.89,194.54,194.57
195.2,195.99,192.9,194.0
192.84,194.29,191.54,191.67
190.5,191.5,188.86,189.15
189.35,189.95,188.6,189.64
188.75,189.2,186.44,187.1
185.36,186.88,184.44,185.97
186.64,186.68,183.58,184.3
184.4,186.67,183.58,186.63
187.81,188.36,186.28,187.47
187.45,188.69,186.81,187.34
188.0,188.48,187.37,187.95
187.57,188.17,186.93,187.88
187.85,188.88,186.79,187.38
188.1,189.81,187.76,189.36
190.04,190.25,189.36,190.07
189.86,190.39,189.25,190.1
190.9,192.07,190.5,191.23
190.77,191.88,190.29,190.41
191.39,191.81,190.71,191.16
191.02,193.53,191.02,192.99
193.03,194.13,191.56,192.25
191.47,192.3,190.66,192.0
192.28,192.75,191.14,192.3
192.68,192.97,190.93,191.56
192.39,192.95,191.86,191.95
191.69,192.69,190.06,190.68
190.53,191.75,190.09,191.2
190.75,191.2,189.51,190.14
190.34,190.74,189.78,189.99
190.12,192.15,190.1,191.54
191.08,192.78,190.12,191.72
191.47,191.6,190.57,191.28
191.42,192.49,190.58,191.81
191.25,193.57,190.82,192.96
193.22,193.64,192.3,192.8
192.79,194.13,192.71,193.75
194.54,195.0,193.19,194.0
193.72,194.14,192.63,193.11
192.75,193.07,191.52,191.62
191.0,192.45,189.88,192.31
192.05,192.5,188.97,189.01
188.93,190.33,188.61,190.06
188.51,189.96,188.12,189.64
189.64,190.85,189.15,189.83
189.91,190.4,186.79,187.17
187.66,187.78,186.24,186.91
188.11,189.37,187.56,188.67
189.69,190.89,188.71,189.04
187.77,188.12,185.54,185.71
185.97,189.6,185.61,189.36
189.12,189.5,186.09,186.42
185.86,187.74,185.1,185.93
185.49,186.65,183.42,183.52
184.89,185.72,183.59,183.8
182.46,183.79,178.75,181.75
179.8,181.48,178.69,179.84
181.24,182.84,180.22,182.05
166.84,170.33,166.69,169.1
166.4,166.68,161.68,163.23
162.41,165.41,161.1,161.79
162.12,162.83,161.54,162.18
162.1,162.44,161.45,162.08
162.0,162.91,161.81,161.87
162.0,163.6,161.8,163.6
164.33,164.62,162.76,163.46
163.5,164.62,163.02,164.35
165.48,165.59,163.62,164.4
164.25,164.54,163.38,164.36
164.34,164.36,162.24,162.65
163.13,163.54,161.56,161.82
161.28,161.53,160.05,161.46
161.42,162.21,160.85,162.07
161.9,164.47,161.61,163.49
163.7,163.9,162.6,163.3
162.28,163.0,161.76,161.92
162.0,162.8,161.8,162.79
162.1,164.49,161.69,164.16
164.16,164.97,163.72,164.16
164.73,164.75,161.89,161.89
162.05,162.1,160.96,161.43
160.95,161.5,159.8,160.64
161.83,161.95,160.75,160.92
161.54,163.86,161.06,162.15
162.65,163.5,161.56,161.76
161.93,162.1,161.01,161.95
162.75,163.37,161.44,162.17
161.64,163.32,161.35,161.54
162.47,162.73,161.64,162.67
162.47,164.52,162.0,164.52
164.01,164.5,163.01,164.05
163.61,164.5,162.91,163.27
163.29,163.29,161.54,161.86
160.84,163.02,160.8,162.99
163.01,163.33,160.03,160.51
160.82,162.93,160.52,161.07
160.25,160.5,155.33,155.38
155.93,156.74,152.84,153.06
152.03,154.89,150.5,151.41
151.52,153.31,151.11,151.93
153.58,157.68,153.3,157.68
157.49,160.41,157.49,158.51
158.33,161.91,158.33,161.44
162.23,162.9,161.61,162.24
162.88,162.99,161.61,161.82
162.27,163.09,162.01,162.34
162.0,162.34,159.45,160.51
160.02,160.82,159.79,160.05
160.41,161.5,160.38,160.44
161.31,163.31,161.0,162.06
161.27,161.27,159.19,159.51
159.67,159.96,155.17,156.07
157.2,157.2,154.03,155.05
156.24,159.04,155.55,158.42
158.42,160.34,157.25,159.11
159.0,159.25,155.76,156.44
157.26,159.97,155.68,156.81
154.86,156.49,153.74,155.8
156.69,156.97,154.16,154.57
153.82,157.63,153.82,157.14
156.7,157.33,154.03,156.95
153.03,154.5,151.07,152.09
151.94,155.72,151.76,155.39
155.03,157.6,154.89,155.87
158.26,159.46,155.77,156.36
154.94,155.09,152.59,153.67
154.0,154.53,151.55,151.55
151.38,155.58,149.52,155.48
153.91,155.24,153.04,153.31
154.0,154.66,151.51,154.66
154.75,158.6,154.75,158.47
157.21,158.71,156.7,156.96
157.29,158.59,157.15,157.91
157.34,158.08,156.23,156.72
156.0,157.5,155.4,155.75
156.74,158.56,155.08,158.56
157.76,159.09,157.17,158.2
158.72,159.5,158.09,158.52
158.78,160.8,158.64,160.4
159.75,161.41,159.73,160.96
161.86,162.47,160.64,162.19
162.05,164.49,161.44,163.89
163.64,164.34,162.09,163.65
164.23,164.4,162.5,162.91
162.49,164.99,161.51,164.83
164.94,164.96,162.58,162.81
163.74,164.14,159.77,160.87
161.05,162.29,160.16,161.94
161.68,161.89,159.81,160.48
160.27,161.75,160.0,161.03
160.54,160.56,158.72,159.42
159.86,161.5,159.7,161.18
160.19,161.44,158.06,158.5
158.2,161.15,158.2,160.77
159.6,160.23,157.81,157.81
158.57,159.14,155.94,156.8
156.27,158.72,156.27,157.98
157.46,157.52,153.4,154.28
155.05,157.09,154.8,157.08
156.2,157.29,155.37,156.96
156.85,160.7,155.8,159.81
159.7,160.92,158.81,159.81
160.95,163.0,160.35,162.88
162.77,165.35,162.73,164.63
164.79,164.89,162.9,163.0
163.08,163.08,159.2,159.2
159.27,161.25,158.91,160.59
160.79,160.9,159.23,160.4
161.31,163.6,161.25,162.67
161.08,162.33,160.4,160.5
160.23,160.62,158.39,159.18
159.52,162.54,158.89,160.45
159.69,162.8,158.7,162.04
161.67,163.84,161.62,162.07
161.72,163.55,161.01,161.85
161.7,162.47,160.72,162.34
162.34,163.33,161.25,162.86
162.37,164.0,162.36,162.38
162.42,162.74,160.79,162.3
162.63,164.96,162.5,164.13
163.31,163.98,162.54,163.13
161.75,161.86,160.03,160.67
162.1,166.64,161.9,166.16
166.07,167.38,164.05,164.26
164.39,166.0,162.89,165.36
165.23,171.91,165.14,170.24
170.23,170.85,168.74,169.78
170.89,171.49,170.3,170.73
170.83,174.69,170.02,173.92
173.4,175.13,172.8,174.4
173.77,174.28,170.3,171.29
173.2,174.0,172.42,173.67
174.47,176.3,173.7,173.97
173.51,174.23,171.96,173.08
172.9,174.05,168.86,170.05
169.63,171.98,169.04,170.99
172.94,173.33,172.24,172.68
172.65,172.99,170.86,171.12
170.55,171.49,168.84,170.55
171.24,172.74,170.75,172.28
173.5,174.4,173.22,174.05
173.91,174.41,172.6,173.26
173.44,173.49,172.3,173.06
172.97,173.75,171.93,173.48
173.33,174.44,172.46,173.76
173.32,174.14,173.04,173.34
173.04,173.39,172.19,172.22
172.11,172.12,169.13,170.13
171.16,172.48,170.49,172.0
171.45,171.84,170.66,171.71
171.35,171.35,169.65,169.65
170.21,171.04,169.03,170.18
169.66,170.45,168.43,169.65
170.5,171.56,169.63,169.92
169.53,170.6,167.93,168.38
168.25,168.91,167.2,167.4
167.17,167.28,165.02,165.34
165.34,166.02,163.37,165.68
166.49,169.39,166.06,168.92
169.26,170.44,168.54,168.78
168.23,168.3,166.69,166.99
165.33,166.44,164.25,166.26
166.33,167.4,165.91,166.84
167.0,167.85,166.1,167.17
167.05,168.72,167.05,168.25
167.62,168.42,166.77,166.99
167.65,168.34,167.2,167.73
168.38,169.97,167.57,168.62
168.71,168.84,166.83,166.97
167.8,168.13,166.08,166.08
166.23,166.81,165.23,165.46
163.92,165.35,162.89,162.97
163.99,164.0,162.12,162.66
163.97,165.61,163.6,164.49
165.05,165.32,164.42,165.09
163.83,165.23,163.52,164.73
164.94,165.35,162.23,165.0
164.0,164.94,162.68,163.16
165.34,165.51,163.7,163.85
165.66,167.4,165.52,166.95
167.93,169.89,167.52,169.38
169.43,169.54,168.24,168.61
168.48,169.27,168.0,168.53
169.47,171.09,169.16,171.0
170.33,172.52,170.1,172.51
172.79,173.78,172.14,173.22
164.34,166.35,162.02,163.07
162.73,163.07,159.7,160.35
160.27,162.75,159.83,161.73
161.29,161.93,159.41,159.75
159.0,160.18,158.6,159.07
159.91,160.19,158.5,160.05
160.0,161.5,159.39,161.09
160.5,161.4,159.75,160.96
161.4,162.06,160.63,161.99
161.7,161.85,157.9,158.71
158.4,158.82,156.87,157.6
159.1,159.54,157.48,157.9
157.13,157.54,156.18,156.32
155.89,156.25,154.34,155.12
156.77,157.47,156.12,156.75
155.96,155.99,154.86,155.51
154.26,156.52,153.95,156.16
156.06,156.09,154.32,155.07
155.0,156.21,154.58,155.75
155.2,156.69,154.7,156.31
155.51,156.52,155.25,156.01
155.15,155.67,153.41,153.94
152.74,153.91,152.5,152.66
151.5,153.19,148.7,148.85
143.47,147.76,142.32,143.47
146.94,147.11,140.62,140.96
144.09,146.98,142.14,146.7
148.5,148.97,145.66,148.54
147.75,148.2,147.18,147.98
147.38,148.4,146.26,147.89
144.91,144.98,141.85,142.68
144.74,145.08,143.18,145.05
146.05,148.03,145.77,146.78
144.57,145.4,143.32,143.7
145.86,147.34,145.66,147.23
148.74,149.04,144.85,145.05
145.85,147.16,144.51,146.2
145.91,147.5,145.67,147.37
147.37,147.37,145.41,145.65
146.6,147.93,145.76,147.53
147.84,148.89,147.54,148.41
148.1,149.68,147.3,148.14
146.05,146.38,143.98,144.51
145.39,146.98,144.92,146.48
144.62,145.06,143.77,144.43
144.21,144.57,142.75,143.66
142.6,145.07,141.95,144.41
145.55,146.27,144.53,145.42
144.42,145.38,142.47,142.52
141.99,142.66,141.15,142.47
143.69,145.71,143.66,144.97
145.31,145.67,141.59,143.59
141.05,144.59,140.56,144.58
145.82,149.89,145.82,149.04
149.06,150.15,148.49,148.78
150.04,150.73,148.86,150.09
149.69,153.02,149.29,152.28
152.46,153.15,151.27,152.39
152.4,152.58,150.85,151.14
150.78,150.78,149.18,149.62
149.6,150.65,149.02,150.01
150.91,151.24,148.58,150.09
150.45,151.2,149.26,150.39
149.85,149.97,148.38,149.22
142.49,142.88,140.27,140.64
140.25,142.66,139.3,140.92
141.74,145.07,141.62,144.09
144.61,145.49,143.7,144.68
144.75,145.0,143.21,143.66
143.51,143.83,137.33,137.86
137.92,141.23,137.5,140.83
140.36,140.82,139.02,140.55
140.44,141.33,139.9,140.08
140.5,140.52,139.57,140.37
140.02,142.8,139.9,141.88
142.55,142.65,141.3,141.63
141.61,142.38,139.63,139.89
138.6,139.55,137.87,138.25
137.92,138.08,134.88,135.31
135.36,135.74,134.12,135.47
136.09,136.2,134.5,135.02
134.7,134.7,133.01,133.04
132.95,133.0,131.65,131.75
131.79,134.09,131.79,133.71
134.22,134.82,133.31,133.82
134.79,135.91,134.26,135.82
136.21,137.74,136.01,136.74
137.37,138.92,137.25,138.5
138.53,138.87,137.12,138.46
137.65,139.34,137.31,138.6
138.37,138.43,137.38,138.0
138.0,138.81,137.21,138.46
138.61,139.9,138.52,139.42
139.58,141.4,139.58,141.28
140.93,141.21,139.5,139.7
140.1,140.73,138.19,138.92
138.09,141.02,137.99,140.43
140.16,140.41,138.81,139.55
138.28,139.06,137.53,138.05
137.38,139.84,136.23,136.61
137.03,137.85,135.72,136.78
135.23,135.44,133.91,134.57
135.31,136.14,134.02,135.93
137.4,138.97,137.28,137.79
139.12,139.65,137.79,139.29
139.35,139.5,136.31,136.75
136.41,136.96,134.27,134.9
135.83,135.83,134.02,135.5
135.88,138.19,135.65,137.93
138.3,139.3,138.11,138.54
138.43,138.88,138.11,138.25
137.74,138.04,136.54,137.61
138.25,140.06,138.2,139.78
139.58,140.44,139.22,139.34
139.07,139.1,137.57,137.62
135.6,135.97,134.24,135.95
136.76,136.89,134.85,135.85
134.38,135.58,133.62,135.17
133.7,135.02,132.43,132.86
133.18,133.82,131.32,131.63
131.81,133.82,131.76,133.23
133.65,133.78,131.13,132.9
133.5,134.28,131.1,131.17
131.93,133.79,131.22,132.91
130.01,130.88,128.87,130.03
130.11,132.1,128.06,128.11
118.46,123.99,118.0,121.86
121.3,125.1,120.58,122.91
124.67,124.74,121.77,122.5
122.1,124.23,121.64,122.08
122.25,123.61,122.24,122.59
122.73,123.37,120.65,120.96
121.26,122.83,121.01,122.22
123.28,124.79,122.96,124.79
124.4,125.29,123.71,124.83
123.67,124.14,122.64,122.94
123.99,125.45,122.45,124.72
125.08,128.5,125.0,127.65
127.22,128.64,125.85,128.57
126.0,127.51,124.13,126.98
126.12,126.93,123.77,124.07
125.0,125.29,119.84,120.19
118.78,119.66,116.9,117.85
119.26,121.05,118.35,121.04
121.83,123.09,121.34,122.74
123.71,126.57,123.25,126.1
130.0,134.0,129.75,132.45
132.36,133.65,130.84,133.08
133.84,134.31,132.41,133.77
133.14,133.41,132.01,132.4
131.55,133.49,129.68,132.8
133.29,134.51,130.88,134.5
134.51,134.92,131.95,132.03
132.0,133.36,130.9,131.03
132.24,134.64,132.03,134.37
133.7,137.44,133.22,136.3
137.22,137.96,136.07,137.8
137.54,139.42,137.02,137.8
137.28,140.51,136.87,140.15
139.71,140.35,137.42,139.07
139.31,142.17,139.23,140.41
141.24,141.47,138.09,140.19
141.73,142.92,140.51,142.36
142.01,143.19,141.04,142.78
141.74,143.33,141.54,142.96
142.62,144.88,142.11,144.79
144.78,147.32,144.45,147.04
147.4,147.51,145.51,147.09
147.3,148.71,146.72,148.63
148.06,149.28,147.84,148.1
148.0,148.03,145.13,145.4
144.98,148.22,144.49,147.95
147.75,148.65,147.23,148.4
147.59,149.76,147.5,149.33
149.95,150.41,148.32,148.41
149.79,153.1,149.36,151.45
150.51,152.96,150.25,152.52
152.34,153.52,151.91,152.07
151.43,151.6,149.65,150.0
149.9,150.15,147.81,150.02
149.07,149.6,148.0,148.25
149.06,149.99,148.12,149.35
150.26,151.95,149.22,149.25
149.61,150.11,148.58,149.63
150.75,151.23,149.63,151.23
151.5,152.76,150.38,151.16
151.04,152.1,150.96,151.72
151.75,153.14,151.49,152.53
146.47,146.95,142.61,144.0
144.24,147.2,144.0,146.11
146.58,150.12,146.46,149.3
149.44,151.0,147.5,148.5
148.16,148.9,147.11,148.81
148.65,149.79,147.9,149.08
149.35,150.78,148.97,150.47
149.75,150.18,146.72,147.07
146.49,147.34,144.19,145.94
146.56,147.0,144.43,145.27
144.65,144.9,142.9,144.13
143.36,145.0,143.31,144.25
145.95,147.3,145.45,146.47
144.86,147.97,144.47,147.29
147.7,148.2,147.01,147.34
148.24,150.04,147.74,149.97
149.71,151.09,148.74,148.95
149.21,149.39,147.11,148.84
148.79,149.86,147.42,147.72
147.65,149.99,147.44,149.46
149.21,149.5,147.29,148.0
147.99,148.52,146.36,147.34
146.48,146.93,143.96,144.93
145.71,147.51,145.55,147.25
147.61,147.95,146.66,146.77
146.88,148.75,146.88,148.31
148.93,152.09,148.5,151.69
151.55,152.51,151.05,152.44
152.35,152.93,152.15,152.84
152.56,153.81,152.27,153.74
153.0,153.27,151.54,152.51
152.59,153.5,152.12,153.5
152.4,153.04,151.7,152.89
153.09,153.95,152.34,152.73
153.31,153.93,152.66,153.33
153.53,154.09,153.04,154.0
152.92,153.76,152.73,153.42
152.79,153.33,151.86,152.37
151.63,152.5,150.28,151.28
151.28,151.79,150.4,151.06
151.46,151.79,150.6,150.68
150.19,151.3,149.0,151.06
150.96,152.72,150.6,151.99
152.6,154.67,152.52,153.61
154.16,154.57,153.69,154.05
153.75,154.71,152.27,152.92
153.45,155.48,152.6,155.35
149.97,150.61,146.18,146.59
146.18,146.6,142.5,143.5
144.78,145.73,144.22,145.7
146.5,148.48,146.45,148.46
148.86,151.91,148.67,151.78
152.19,152.97,151.4,152.35
151.19,152.0,150.76,151.68
151.85,152.41,149.92,152.37
152.75,153.69,151.89,152.6
154.0,154.6,153.08,154.46
154.6,156.04,154.5,155.33
156.0,157.12,155.52,157.04
157.75,158.34,157.06,158.02
158.81,161.4,158.58,160.28
159.9,159.98,158.5,159.78
159.3,160.75,158.73,159.86
161.78,162.14,157.89,159.58
159.97,161.71,159.6,161.36
160.75,161.85,159.89,160.45
160.78,162.17,160.48,162.07
162.0,162.88,161.75,162.65
162.65,163.6,161.37,162.12
162.12,162.57,161.18,161.83
161.38,161.81,160.71,161.37
161.36,161.67,160.03,160.62
160.65,161.65,159.84,161.45
161.27,161.45,160.36,160.58
160.13,160.86,159.8,160.67
160.86,161.7,160.12,161.55
162.0,163.51,161.57,163.5
162.73,163.27,161.58,162.04
162.22,162.77,161.64,161.77
162.19,162.66,161.96,162.08
162.25,164.95,162.18,163.53
163.19,163.46,161.52,161.95
162.4,162.97,161.78,161.88
161.11,161.93,160.69,160.7
160.97,161.16,159.84,160.44
160.89,162.0,160.44,161.36
160.84,160.91,159.52,160.04
160.0,160.57,159.13,160.0
160.33,161.34,160.23,160.26
159.89,160.18,158.32,159.05
159.0,159.54,158.42,158.63
158.88,160.44,157.85,158.32
158.83,160.21,158.5,159.72
159.76,160.15,158.81,159.4
159.66,159.66,158.26,158.88
158.32,159.62,158.1,159.54
159.88,160.57,159.15,159.55
159.88,160.86,159.11,160.35
160.19,161.76,160.0,161.64
160.55,161.21,158.76,159.0
158.03,158.4,155.65,155.69
155.26,158.53,154.84,158.29
157.63,157.93,155.5,155.81
155.7,155.87,153.39,154.05
154.3,156.33,153.21,155.66
155.04,155.4,153.47,153.84
154.87,156.19,154.55,154.87
155.87,156.57,154.45,154.45
154.91,155.68,153.87,155.53
156.15,157.22,155.69,156.11
155.62,156.04,154.71,154.98
154.46,154.46,153.46,153.98
154.32,156.77,153.81,156.77
156.99,158.62,156.23,158.29
158.63,165.0,157.46,158.11
158.9,159.84,158.06,158.85
158.06,158.37,157.02,157.61
157.67,158.53,155.82,156.46
157.07,157.83,156.72,157.08
156.84,157.43,155.89,156.88
157.14,157.7,154.86,155.67
156.71,158.49,156.66,157.02
156.73,156.95,153.89,154.79
154.97,154.97,153.08,154.29
153.7,154.22,152.27,153.72
154.47,155.53,154.09,154.45
154.45,155.89,154.34,154.77
150.02,151.0,147.79,150.72
151.27,152.45,150.83,151.26
151.28,152.9,151.02,151.52
150.58,151.15,149.56,149.63
150.4,151.52,150.4,150.57
150.69,151.16,149.83,150.88
150.71,152.94,150.26,151.81
152.82,154.06,152.02,153.35
154.05,154.44,152.18,152.61
152.76,154.33,152.76,153.69
153.5,153.91,151.74,152.79
152.48,153.34,151.67,151.95
152.51,153.74,151.8,152.37
152.4,153.64,151.87,152.43
153.99,156.11,153.84,155.72
154.56,155.93,153.06,155.17
152.96,155.56,151.0,154.81
157.66,161.16,157.59,160.22
159.97,161.34,159.33,161.27
161.25,161.86,157.58,158.21
158.42,159.15,157.55,158.67
158.46,159.55,158.03,159.29
159.22,159.93,158.85,159.8
159.8,160.72,159.21,160.39
160.69,163.0,160.37,162.77
163.0,163.0,161.95,162.67
161.94,162.38,161.36,161.98
161.83,163.19,161.83,163.14
163.2,164.66,162.7,164.52
164.0,164.41,163.03,163.53
163.35,163.8,162.21,162.22
161.95,162.2,158.3,159.82
159.0,160.29,158.41,160.02
160.85,161.15,159.59,159.84
160.13,160.79,158.93,160.35
160.6,165.18,160.39,164.79
164.87,166.0,164.22,165.36
165.18,166.72,164.6,166.52
166.72,166.79,165.07,165.5
165.68,169.95,165.68,168.29
168.37,169.89,167.45,168.51
168.01,169.85,167.78,168.02
168.97,169.11,166.06,166.73
166.83,167.26,166.0,166.68
167.49,168.25,166.45,167.6
166.25,167.94,165.25,167.33
167.36,168.23,166.58,167.06
167.0,167.49,166.45,166.71
166.98,167.98,166.85,167.14
167.29,167.74,166.0,166.19
166.02,166.99,166.0,166.6
166.44,166.7,165.5,165.99
167.0,167.87,166.01,167.19
167.77,169.87,167.36,169.26
169.25,169.39,167.26,168.7
168.69,169.92,167.52,169.53
169.47,169.8,167.62,167.65
167.98,168.09,165.34,165.52
166.05,167.76,165.6,167.75
167.77,168.01,165.56,167.95
167.97,168.48,166.88,167.34
166.69,168.18,166.12,167.89
167.45,168.59,166.69,166.8
166.96,167.45,165.8,166.81
167.81,170.64,166.0,170.55
170.08,171.25,170.01,171.03
171.36,176.0,171.16,175.9
176.26,179.25,176.13,178.29
178.06,178.88,177.51,178.66
178.47,179.2,177.3,177.3
176.98,177.07,174.58,175.8
175.05,175.58,173.61,174.52
175.0,175.7,172.89,174.29
174.23,174.97,173.55,174.58
175.0,176.34,174.89,175.82
175.31,175.98,174.38,175.86
176.0,178.62,175.9,178.46
177.5,177.5,175.88,176.17
176.17,177.8,175.91,177.21
177.37,178.87,176.76,178.68
179.24,179.9,178.84,179.36
178.57,180.13,178.35,180.13
180.2,181.92,179.81,181.68
181.45,182.79,180.87,181.43
181.25,181.57,180.0,180.67
180.6,180.79,179.12,180.26
180.09,181.34,180.09,181.15
182.0,182.5,180.92,181.65
180.21,181.49,179.89,181.35
181.19,181.25,179.28,179.4
179.38,180.63,179.35,179.82
180.48,182.55,180.03,181.95
181.88,181.88,180.43,180.53
180.04,181.32,179.76,180.05
179.72,180.99,179.57,180.47
180.71,181.29,180.2,180.38
180.75,180.95,179.3,179.45
179.15,179.25,175.88,177.18
178.21,179.49,177.42,177.83
177.85,178.06,176.42,176.46
176.18,176.82,175.21,175.72
175.71,176.28,174.75,175.81
178.46,179.0,176.82,177.24
176.29,176.79,175.65,175.65
175.65,176.18,175.14,175.7
176.01,176.23,173.84,173.88
174.04,175.06,172.8,174.78
174.43,175.67,173.56,174.82
175.12,175.5,173.39,173.83
172.69,174.16,172.09,173.77
173.94,175.0,173.0,174.51
174.3,174.49,173.46,173.94
173.86,174.59,173.69,173.86
173.98,174.95,173.69,174.14
173.82,174.87,173.38,174.5
173.52,174.96,173.26,174.52
174.7,176.33,172.81,172.88
173.47,173.47,172.25,172.45
172.08,172.93,171.28,172.14
172.53,172.56,171.0,171.2
170.65,171.23,168.98,170.58
171.04,171.2,170.02,170.66
169.92,171.36,169.53,169.53
169.75,171.3,169.62,171.1
170.79,171.69,169.83,170.05
161.76,162.64,159.6,161.69
161.32,162.4,160.5,162.3
162.05,162.11,160.38,160.38
161.29,161.57,160.42,160.75
161.78,162.04,160.38,160.39
160.53,161.1,159.89,160.06
160.29,160.48,159.63,160.32
160.5,160.59,159.7,160.29
160.05,160.42,158.7,158.84
159.44,159.49,158.64,159.1
158.74,159.45,158.52,158.63
158.89,159.14,158.36,159.05
153.52,155.78,153.0,155.05
152.8,153.47,152.2,153.03
152.6,153.1,151.56,152.11
151.65,152.37,151.13,151.25
151.05,151.15,149.79,150.65
150.3,151.26,150.0,150.37
150.62,151.83,150.45,151.51
151.66,153.99,151.66,153.68
153.3,154.14,150.89,150.93
150.86,151.33,150.11,150.78
151.01,152.46,150.89,151.98
152.1,152.84,151.6,152.64
152.57,153.68,151.92,152.03
152.21,152.76,151.23,152.51
153.25,153.73,152.95,153.2
152.85,153.0,152.06,152.49
151.95,152.67,151.59,151.73
152.03,152.8,151.65,152.63
152.8,152.87,151.63,152.67
153.07,153.2,151.8,152.05
151.82,152.93,151.68,152.41
152.0,152.89,152.0,152.37
153.05,154.2,150.8,150.98
151.0,152.82,150.92,152.1
152.0,154.26,151.88,154.1
154.19,157.2,154.02,155.18
155.44,155.48,154.15,154.25
153.97,154.94,152.94,153.81
153.29,154.69,153.29,154.22
154.23,155.42,152.97,155.38
155.51,155.86,154.54,154.84
154.48,155.39,154.25,154.95
155.79,155.79,153.39,153.79
154.55,154.99,153.69,154.4
154.34,154.68,153.8,154.11
154.71,155.75,154.63,155.23
155.0,155.34,154.5,154.75
155.15,155.55,154.78,155.32
155.35,155.74,153.62,154.13
154.28,154.5,153.14,153.83
153.58,156.02,153.52,155.58
155.77,155.89,153.63,153.67
153.36,153.83,152.23,152.36
152.62,153.49,152.14,152.94
152.91,153.89,152.63,153.42
153.26,153.65,152.05,153.19
153.48,154.24,153.05,153.7
153.7,154.19,153.19,153.63
154.01,154.62,153.4,154.24
153.59,153.88,152.24,153.01
152.36,154.29,152.0,154.0
150.02,150.25,146.71,147.53
147.53,148.83,147.03,147.66
147.59,147.87,146.51,147.08
147.0,147.04,145.8,145.99
146.57,147.49,146.03,146.19
146.27,146.46,144.47,145.36
145.0,145.4,143.64,145.07
144.81,145.04,143.84,144.29
145.0,145.67,144.72,145.3
145.12,145.29,144.22,144.45
144.43,145.34,144.43,144.94
145.0,145.39,144.4,145.16
145.0,145.09,142.75,143.47
142.0,142.76,142.0,142.11
141.75,142.03,141.19,141.77
141.64,142.42,141.23,141.84
142.45,142.59,141.52,141.84
142.0,142.76,141.94,142.32
142.55,143.34,140.58,142.07
141.79,142.91,141.61,142.5
142.52,142.89,140.7,140.7
140.87,141.15,139.58,139.7
139.59,140.42,139.13,140.33
140.64,141.15,140.38,141.01
140.7,143.05,140.68,142.14
142.5,143.68,142.25,142.94
143.3,144.19,143.25,143.74
144.11,144.56,142.39,142.51
142.1,143.42,141.9,143.14
143.26,143.28,142.41,142.56
143.02,143.66,142.63,143.03
142.98,144.5,142.98,144.08
143.5,144.36,142.7,143.04
143.88,144.47,143.5,143.82
144.1,144.64,142.41,142.9
143.15,143.15,141.64,142.45
143.54,145.13,143.01,144.86
145.11,146.37,144.51,145.76
145.35,146.29,145.34,145.99
145.86,146.38,145.51,145.54
144.82,145.17,144.08,144.82
144.81,145.48,144.27,144.55
144.79,144.98,144.22,144.39
144.93,145.88,144.42,145.88
145.65,145.89,145.1,145.26
145.59,145.59,144.59,145.13
145.12,146.03,144.91,145.87
146.36,147.42,145.94,146.56
146.68,146.9,145.03,145.66
145.33,145.86,144.21,145.66
145.45,145.69,144.92,145.08
145.35,146.86,145.21,146.66
146.69,147.2,146.34,146.78
147.0,147.02,146.11,146.48
146.68,147.54,146.48,146.72
146.64,146.85,146.32,146.48
146.5,147.79,146.35,147.39
147.71,148.95,147.65,148.5
148.4,148.47,148.01,148.04
147.56,147.89,146.77,147.03
147.48,147.85,146.94,147.1
147.22,147.67,146.51,146.83
146.63,147.12,146.18,146.54
157.12,161.23,156.95,159.53
159.8,160.96,159.08,160.9
161.07,162.48,159.77,162.07
162.05,162.51,159.54,159.55
159.65,159.7,155.17,155.88
156.01,156.37,153.06,153.5
154.31,155.12,153.54,153.6
154.54,154.63,152.91,153.68
153.76,154.59,152.71,154.36
154.33,154.93,152.93,154.06
154.1,154.9,153.83,154.03
154.18,154.49,152.91,153.35
153.42,153.47,151.49,151.58
151.77,151.82,150.28,150.84
151.37,151.51,150.5,151.35
151.6,151.79,150.28,151.57
149.93,151.8,149.86,150.3
150.65,150.89,149.14,149.16
148.88,149.0,147.92,148.4
147.95,148.97,147.49,148.89
148.0,148.7,146.21,147.1
147.73,149.65,147.5,149.12
149.34,150.15,148.83,148.97
150.64,151.95,149.9,150.51
151.3,152.45,151.2,151.95
152.0,152.39,151.33,151.77
151.95,152.2,151.33,151.84
152.06,152.49,151.62,151.98
152.35,152.93,151.7,152.47
152.81,153.61,152.17,153.55
153.65,154.41,153.08,153.97